{"cameraMode":{"drawMode":0,"name":"Shaded","section":"Shading Mode"},"sceneLighting":false,"audioPlay":false,"sceneViewState":{"showFog":true,"showMaterialUpdate":false,"showSkybox":false,"showFlares":true,"showImageEffects":true,"showParticleSystems":true},"in2DMode":false,"pivot":{"x":-0.41677090525627139,"y":-0.4866018295288086,"z":1.2736214399337769},"rotation":{"x":-0.31318584084510805,"y":0.6366870999336243,"z":-0.3198626637458801,"w":-0.6289189457893372},"size":3.8822879791259767,"orthographic":false}