{"cameraMode":{"drawMode":0,"name":"Shaded","section":"Shading Mode"},"sceneLighting":false,"audioPlay":false,"sceneViewState":{"showFog":true,"showMaterialUpdate":false,"showSkybox":false,"showFlares":true,"showImageEffects":true,"showParticleSystems":true},"in2DMode":false,"pivot":{"x":-60.35043716430664,"y":-173.65802001953126,"z":106.66531372070313},"rotation":{"x":-0.4471152126789093,"y":0.22375629842281342,"z":-0.1178666353225708,"w":-0.8588100671768189},"size":227.4462890625,"orthographic":false}