{"cameraMode":{"drawMode":0,"name":"Shaded","section":"Shading Mode"},"sceneLighting":true,"audioPlay":false,"sceneViewState":{"showFog":true,"showMaterialUpdate":false,"showSkybox":true,"showFlares":true,"showImageEffects":true,"showParticleSystems":true},"in2DMode":false,"pivot":{"x":-5.94676399230957,"y":-11.50108528137207,"z":8.620765686035157},"rotation":{"x":-0.3894783556461334,"y":0.2746024429798126,"z":-0.11871466785669327,"w":-0.8724180459976196},"size":27.83714485168457,"orthographic":false}